<?xml version="1.0" encoding="UTF-8" ?>
<!DOCTYPE mapper
    PUBLIC "-//mybatis.org//DTD Mapper 3.0//EN"
    "http://mybatis.org/dtd/mybatis-3-mapper.dtd">
<mapper namespace="com.gc.train.dao.RouteMapper">
    <resultMap type="Route" id="RouteResult">
        <result property="id" column="id" />

        <result property="station_train_code" column="station_train_code" />
        <result property="station_code" column="station_code" />
        <result property="start_time" column="start_time" />
        <result property="arrive_time" column="arrive_time" />
        <result property="station_no" column="station_no" />

    </resultMap>


    <insert id="add" >
		insert into t_Route (station_train_code,station_code,start_time,arrive_time,station_no, station_name)
		values(#{station_train_code},#{station_code},#{start_time},#{arrive_time},#{station_no},#{station_name})
	</insert>

</mapper>