<?xml version="1.0" encoding="UTF-8" ?>
<!DOCTYPE mapper
    PUBLIC "-//mybatis.org//DTD Mapper 3.0//EN"
    "http://mybatis.org/dtd/mybatis-3-mapper.dtd">
<mapper namespace="com.gc.train.dao.StationMapper">
    <resultMap type="Station" id="StationResult">
        <result property="id" column="id" />

        <result property="station_code" column="station_code" />
        <result property="station_name" column="station_name" />
        <result property="station_pinying" column="station_pinying" />
        <result property="station_pinying_simple" column="station_pinying_simple" />
        <result property="station_no" column="station_no" />

    </resultMap>


    <insert id="add" >
		insert into t_station (station_code,station_name,station_pinying,station_pinying_simple,station_no)
		values(#{station_code},#{station_name},#{station_pinying},#{station_pinying_simple},#{station_no})
	</insert>


    <select id="findByMap" resultMap="StationResult">
        select * from t_station t1
        <where>
            <if test="station_code != null and station_code !=''">
                and t1.station_code = #{station_code}
            </if>
            <if test="station_name != null and station_name !=''">
                and t1.station_name = #{station_name}
            </if>
            <if test="station_pinying != null and station_pinying !=''">
                and t1.station_pinying = #{station_pinying}
            </if>
            <if test="station_pinying_simple != null and station_pinying_simple !=''">
                and t1.station_pinying_simple = #{station_pinying_simple}
            </if>
            <if test="station_no != null and station_no !=''">
                and t1.station_no = #{station_no}
            </if>
        </where>
    </select>

</mapper>