<?xml version="1.0" encoding="UTF-8" ?>
<!DOCTYPE mapper
    PUBLIC "-//mybatis.org//DTD Mapper 3.0//EN"
    "http://mybatis.org/dtd/mybatis-3-mapper.dtd">
<mapper namespace="com.gc.train.dao.TicketPriceMapper">
    <resultMap type="TicketPrice" id="TicketPriceResult">
        <result property="id" column="id" />

        <result property="station_train_code" column="station_train_code" />
        <result property="from_station_code" column="from_station_code" />
        <result property="to_station_code" column="to_station_code" />


        <result property="swz" column="swz" />
        <result property="ydz" column="ydz" />
        <result property="edz" column="edz" />
        <result property="gjrw" column="gjrw" />
        <result property="rw" column="rw" />
        <result property="dw" column="dw" />
        <result property="yw" column="yw" />
        <result property="rz" column="rz" />
        <result property="wz" column="wz" />
        <result property="other" column="other" />



    </resultMap>

    <insert id="add" >
		insert into t_TicketPrice (
		station_train_code,from_station_code,to_station_code,
		 swz	,   ydz	,   edz	,
		  gjrw	,   rw	,   dw	,
		    yw	,   rz	,   yz	,
		      wz	,   other,tdz
		)
		values(
		#{station_train_code},#{from_station_code},#{to_station_code},
		 #{ swz	},  #{ ydz	},  #{ edz	},
		 #{ gjrw	},  #{ rw	},  #{ dw	},
		   #{ yw	},  #{ rz	},  #{ yz	},
		    #{ wz	},  #{ other},#{tdz}
		)
	</insert>

    <select id="findByMap" resultMap="TicketPriceResult">
        select * from t_TicketPrice t1
        <where>
            <if test="station_train_code != null and station_train_code !=''">
                and t1.station_train_code = #{station_train_code}
            </if>
            <if test="from_station_code != null and from_station_code !=''">
                and t1.from_station_code = #{from_station_code}
            </if>
            <if test="to_station_code != null and to_station_code !=''">
                and t1.to_station_code = #{to_station_code}
            </if>

        </where>
    </select>

</mapper>