<?xml version="1.0" encoding="UTF-8" ?>
<!DOCTYPE mapper
    PUBLIC "-//mybatis.org//DTD Mapper 3.0//EN"
    "http://mybatis.org/dtd/mybatis-3-mapper.dtd">
<mapper namespace="com.gc.train.dao.TrainMapper">
    <resultMap type="Train" id="TrainResult">
        <result property="id" column="id" />

        <result property="station_train_code" column="station_train_code" />
        <result property="train_no" column="train_no" />
        <result property="from_station_code" column="from_station_code" />
        <result property="to_station_code" column="to_station_code" />

    </resultMap>

    <insert id="add" >
		insert into t_train (station_train_code,train_no,from_station_code,to_station_code)
		values(#{station_train_code},#{train_no},#{from_station_code},#{to_station_code})
	</insert>

    <select id="findByMap" resultMap="TrainResult">
        select * from t_train t1
        <where>
            <if test="station_train_code != null and station_train_code !=''">
                and t1.station_train_code = #{station_train_code}
            </if>
            <if test="train_no != null and train_no !=''">
                and t1.train_no = #{train_no}
            </if>
            <if test="from_station_code != null and from_station_code !=''">
                and t1.from_station_code = #{from_station_code}
            </if>
            <if test="to_station_code != null and to_station_code !=''">
                and t1.to_station_code = #{to_station_code}
            </if>

        </where>
    </select>

</mapper>